INSERT INTO public.role (name, created, changed, is_actual) VALUES ('ADMIN', '2023-05-16 01:02:33.000000', '2023-05-16 01:02:35.000000', true);
INSERT INTO public.role (name, created, changed, is_actual) VALUES ('USER', '2023-05-16 01:02:56.000000', '2023-05-16 01:02:58.000000', true);

INSERT INTO public."user" (name, surname, login, password, phone_number, email, created, changed, deleted) VALUES ('Andrey', 'Dziadziulia', 'AnrejLog', 'AnrejPass', '+375123456789', 'email@mail.com', '2023-06-16 15:08:47.260190', '2023-06-16 15:08:47.260190', null);

INSERT INTO public.terminal (name, ip_address, physical_address, port, created, changed, deleted) VALUES ('terminal_1', '192.168.10.2', 'Город Минск, пр. Победителей 10', 1234, '2023-06-16 15:10:14.632769', '2023-06-16 15:10:14.632769', null);

INSERT INTO public.service (name, duration, created, changed, deleted) VALUES ('Приём посылок', 50, '2023-06-16 15:17:19.021936', '2023-06-16 15:17:19.021936', null);
INSERT INTO public.service (name, duration, created, changed, deleted) VALUES ('Приём платежей', 120, '2023-06-16 15:12:04.656938', '2023-06-16 15:12:04.656938', null);
INSERT INTO public.service (name, duration, created, changed, deleted) VALUES ('Выдача денежных переводов', 20, '2023-06-16 15:17:39.085290', '2023-06-16 15:17:39.085290', null);
INSERT INTO public.service (name, duration, created, changed, deleted) VALUES ('Коммунальные платежи', 20, '2023-06-16 15:17:52.618701', '2023-06-16 15:17:52.618701', null);
INSERT INTO public.service (name, duration, created, changed, deleted) VALUES ('Оформление подписки', 10, '2023-06-16 15:18:49.141848', '2023-06-16 15:18:49.141848', null);
INSERT INTO public.service (name, duration, created, changed, deleted) VALUES ('Получение пенсий/пособий', 10, '2023-06-16 15:19:04.052898', '2023-06-16 15:19:04.052898', null);
INSERT INTO public.service (name, duration, created, changed, deleted) VALUES ('Внеочередное обслуживание', 10, '2023-06-16 15:19:12.844166', '2023-06-16 15:19:12.844166', null);

INSERT INTO public.break (from_time, to_time, created, changed, is_actual) VALUES ('13:00:00', '14:00:00', '2023-06-16 15:08:55.799732', '2023-06-16 15:09:00.038155', true);

INSERT INTO public.week_day_schedule (time_begin, time_end, day_of_week, created, changed, is_actual) VALUES ('09:00:00', '18:00:00', 'MONDAY', '2023-06-16 15:13:53.402521', '2023-06-16 15:13:53.402521', true);
INSERT INTO public.week_day_schedule (time_begin, time_end, day_of_week, created, changed, is_actual) VALUES ('09:00:00', '18:00:00', 'TUESDAY', '2023-06-16 15:14:02.747844', '2023-06-16 15:14:02.747844', true);
INSERT INTO public.week_day_schedule (time_begin, time_end, day_of_week, created, changed, is_actual) VALUES ('09:00:00', '18:00:00', 'WEDNESDAY', '2023-06-16 15:14:18.061854', '2023-06-16 15:14:18.061854', true);
INSERT INTO public.week_day_schedule (time_begin, time_end, day_of_week, created, changed, is_actual) VALUES ('09:00:00', '18:00:00', 'THURSDAY', '2023-06-16 15:14:26.529729', '2023-06-16 15:14:26.529729', true);
INSERT INTO public.week_day_schedule (time_begin, time_end, day_of_week, created, changed, is_actual) VALUES ('09:00:00', '18:00:00', 'FRIDAY', '2023-06-16 15:14:36.383605', '2023-06-16 15:14:36.383605', true);
INSERT INTO public.week_day_schedule (time_begin, time_end, day_of_week, created, changed, is_actual) VALUES ('09:00:00', '18:00:00', 'SATURDAY', '2023-06-16 15:14:47.141158', '2023-06-16 15:14:47.141158', true);
INSERT INTO public.week_day_schedule (time_begin, time_end, day_of_week, created, changed, is_actual) VALUES ('09:00:00', '18:00:00', 'SUNDAY', '2023-06-16 15:14:51.819206', '2023-06-16 15:14:51.819206', true);

INSERT INTO public.l_breaks (break_id, week_day_schedule_id, created) VALUES (1, 1, '2023-06-16 15:13:53.405785');
INSERT INTO public.l_breaks (break_id, week_day_schedule_id, created) VALUES (1, 2, '2023-06-16 15:14:02.748922');
INSERT INTO public.l_breaks (break_id, week_day_schedule_id, created) VALUES (1, 3, '2023-06-16 15:14:18.062827');
INSERT INTO public.l_breaks (break_id, week_day_schedule_id, created) VALUES (1, 4, '2023-06-16 15:14:26.531532');
INSERT INTO public.l_breaks (break_id, week_day_schedule_id, created) VALUES (1, 5, '2023-06-16 15:14:36.385275');
INSERT INTO public.l_breaks (break_id, week_day_schedule_id, created) VALUES (1, 6, '2023-06-16 15:14:47.142894');
INSERT INTO public.l_breaks (break_id, week_day_schedule_id, created) VALUES (1, 7, '2023-06-16 15:14:51.820801');

insert into public.terminal_services (service_id, terminal_id, is_actual, created, changed) values (1, 1, true, '2023-06-16 15:36:36.213526', '2023-06-16 15:36:36.213526');
insert into public.terminal_services (service_id, terminal_id, is_actual, created, changed) values (2, 1, true, '2023-06-16 15:37:05.157900', '2023-06-16 15:37:05.157900');
insert into public.terminal_services (service_id, terminal_id, is_actual, created, changed) values (3, 1, true, '2023-06-16 15:37:10.732088', '2023-06-16 15:37:10.732088');
insert into public.terminal_services (service_id, terminal_id, is_actual, created, changed) values (4, 1, true, '2023-06-16 15:37:13.210621', '2023-06-16 15:37:13.210621');
insert into public.terminal_services (service_id, terminal_id, is_actual, created, changed) values (5, 1, true, '2023-06-16 15:37:15.611279', '2023-06-16 15:37:15.611279');
insert into public.terminal_services (service_id, terminal_id, is_actual, created, changed) values (6, 1, true, '2023-06-16 15:37:17.562206', '2023-06-16 15:37:17.562206');
insert into public.terminal_services (service_id, terminal_id, is_actual, created, changed) values (7, 1, true, '2023-06-16 15:37:24.807016', '2023-06-16 15:37:24.807016');

insert into public.l_week_days_schedule (terminal_services_id, week_day_schedule_id, created) values (1, 1, '2023-06-16 15:36:36.304468');
insert into public.l_week_days_schedule (terminal_services_id, week_day_schedule_id, created) values (1, 2, '2023-06-16 15:36:36.304468');
insert into public.l_week_days_schedule (terminal_services_id, week_day_schedule_id, created) values (1, 3, '2023-06-16 15:36:36.304468');
insert into public.l_week_days_schedule (terminal_services_id, week_day_schedule_id, created) values (1, 4, '2023-06-16 15:36:36.304468');
insert into public.l_week_days_schedule (terminal_services_id, week_day_schedule_id, created) values (1, 5, '2023-06-16 15:36:36.304468');
insert into public.l_week_days_schedule (terminal_services_id, week_day_schedule_id, created) values (1, 6, '2023-06-16 15:36:36.304468');
insert into public.l_week_days_schedule (terminal_services_id, week_day_schedule_id, created) values (1, 7, '2023-06-16 15:36:36.304468');
insert into public.l_week_days_schedule (terminal_services_id, week_day_schedule_id, created) values (3, 1, '2023-06-16 15:37:05.189289');
insert into public.l_week_days_schedule (terminal_services_id, week_day_schedule_id, created) values (3, 2, '2023-06-16 15:37:05.189289');
insert into public.l_week_days_schedule (terminal_services_id, week_day_schedule_id, created) values (3, 3, '2023-06-16 15:37:05.189289');
insert into public.l_week_days_schedule (terminal_services_id, week_day_schedule_id, created) values (3, 4, '2023-06-16 15:37:05.189289');
insert into public.l_week_days_schedule (terminal_services_id, week_day_schedule_id, created) values (3, 5, '2023-06-16 15:37:05.189289');
insert into public.l_week_days_schedule (terminal_services_id, week_day_schedule_id, created) values (3, 6, '2023-06-16 15:37:05.189289');
insert into public.l_week_days_schedule (terminal_services_id, week_day_schedule_id, created) values (3, 7, '2023-06-16 15:37:05.189289');
insert into public.l_week_days_schedule (terminal_services_id, week_day_schedule_id, created) values (4, 1, '2023-06-16 15:37:10.767594');
insert into public.l_week_days_schedule (terminal_services_id, week_day_schedule_id, created) values (4, 2, '2023-06-16 15:37:10.767594');
insert into public.l_week_days_schedule (terminal_services_id, week_day_schedule_id, created) values (4, 3, '2023-06-16 15:37:10.767594');
insert into public.l_week_days_schedule (terminal_services_id, week_day_schedule_id, created) values (4, 4, '2023-06-16 15:37:10.767594');
insert into public.l_week_days_schedule (terminal_services_id, week_day_schedule_id, created) values (4, 5, '2023-06-16 15:37:10.767594');
insert into public.l_week_days_schedule (terminal_services_id, week_day_schedule_id, created) values (4, 6, '2023-06-16 15:37:10.767594');
insert into public.l_week_days_schedule (terminal_services_id, week_day_schedule_id, created) values (4, 7, '2023-06-16 15:37:10.767594');
insert into public.l_week_days_schedule (terminal_services_id, week_day_schedule_id, created) values (5, 1, '2023-06-16 15:37:13.242099');
insert into public.l_week_days_schedule (terminal_services_id, week_day_schedule_id, created) values (5, 2, '2023-06-16 15:37:13.242099');
insert into public.l_week_days_schedule (terminal_services_id, week_day_schedule_id, created) values (5, 3, '2023-06-16 15:37:13.242099');
insert into public.l_week_days_schedule (terminal_services_id, week_day_schedule_id, created) values (5, 4, '2023-06-16 15:37:13.242099');
insert into public.l_week_days_schedule (terminal_services_id, week_day_schedule_id, created) values (5, 5, '2023-06-16 15:37:13.242099');
insert into public.l_week_days_schedule (terminal_services_id, week_day_schedule_id, created) values (5, 6, '2023-06-16 15:37:13.242099');
insert into public.l_week_days_schedule (terminal_services_id, week_day_schedule_id, created) values (5, 7, '2023-06-16 15:37:13.242099');
insert into public.l_week_days_schedule (terminal_services_id, week_day_schedule_id, created) values (6, 1, '2023-06-16 15:37:15.639261');
insert into public.l_week_days_schedule (terminal_services_id, week_day_schedule_id, created) values (6, 2, '2023-06-16 15:37:15.639261');
insert into public.l_week_days_schedule (terminal_services_id, week_day_schedule_id, created) values (6, 3, '2023-06-16 15:37:15.639261');
insert into public.l_week_days_schedule (terminal_services_id, week_day_schedule_id, created) values (6, 4, '2023-06-16 15:37:15.639261');
insert into public.l_week_days_schedule (terminal_services_id, week_day_schedule_id, created) values (6, 5, '2023-06-16 15:37:15.639261');
insert into public.l_week_days_schedule (terminal_services_id, week_day_schedule_id, created) values (6, 6, '2023-06-16 15:37:15.639261');
insert into public.l_week_days_schedule (terminal_services_id, week_day_schedule_id, created) values (6, 7, '2023-06-16 15:37:15.639261');
insert into public.l_week_days_schedule (terminal_services_id, week_day_schedule_id, created) values (7, 1, '2023-06-16 15:37:17.588500');
insert into public.l_week_days_schedule (terminal_services_id, week_day_schedule_id, created) values (7, 2, '2023-06-16 15:37:17.588500');
insert into public.l_week_days_schedule (terminal_services_id, week_day_schedule_id, created) values (7, 3, '2023-06-16 15:37:17.588500');
insert into public.l_week_days_schedule (terminal_services_id, week_day_schedule_id, created) values (7, 4, '2023-06-16 15:37:17.588500');
insert into public.l_week_days_schedule (terminal_services_id, week_day_schedule_id, created) values (7, 5, '2023-06-16 15:37:17.588500');
insert into public.l_week_days_schedule (terminal_services_id, week_day_schedule_id, created) values (7, 6, '2023-06-16 15:37:17.588500');
insert into public.l_week_days_schedule (terminal_services_id, week_day_schedule_id, created) values (7, 7, '2023-06-16 15:37:17.588500');
insert into public.l_week_days_schedule (terminal_services_id, week_day_schedule_id, created) values (8, 1, '2023-06-16 15:37:24.833833');
insert into public.l_week_days_schedule (terminal_services_id, week_day_schedule_id, created) values (8, 2, '2023-06-16 15:37:24.833833');
insert into public.l_week_days_schedule (terminal_services_id, week_day_schedule_id, created) values (8, 3, '2023-06-16 15:37:24.833833');
insert into public.l_week_days_schedule (terminal_services_id, week_day_schedule_id, created) values (8, 4, '2023-06-16 15:37:24.833833');
insert into public.l_week_days_schedule (terminal_services_id, week_day_schedule_id, created) values (8, 5, '2023-06-16 15:37:24.833833');
insert into public.l_week_days_schedule (terminal_services_id, week_day_schedule_id, created) values (8, 6, '2023-06-16 15:37:24.833833');
insert into public.l_week_days_schedule (terminal_services_id, week_day_schedule_id, created) values (8, 7, '2023-06-16 15:37:24.833833');
